{
  "e1": {
    "r": {
      "sample_size": 27,
      "r": 116.3409143518519,
      "g": 0.03912037037037038,
      "b": 2.330659722222223
    },
    "o": {
      "sample_size": 26,
      "r": 168.92296875,
      "g": 45.706766826923094,
      "b": 0.027896634615384615
    },
    "b": {
      "sample_size": 33,
      "r": 0.008693181818181819,
      "g": 59.50312500000001,
      "b": 140.28427083333332
    },
    "g": {
      "sample_size": 25,
      "r": 0.000725,
      "g": 134.26955,
      "b": 22.2888875
    },
    "w": {
      "sample_size": 20,
      "r": 64.69721874999999,
      "g": 116.74159374999996,
      "b": 143.947484375
    },
    "y": {
      "sample_size": 24,
      "r": 104.04911458333335,
      "g": 132.50269531249998,
      "b": 0.07574218749999999
    }
  },
  "e2": {
    "r": {
      "sample_size": 22,
      "r": 115.36210606060604,
      "g": 12.4939898989899,
      "b": 21.85288888888889
    },
    "o": {
      "sample_size": 33,
      "r": 180.23697306397304,
      "g": 59.5282962962963,
      "b": 2.9554612794612796
    },
    "b": {
      "sample_size": 17,
      "r": 0.07487581699346406,
      "g": 80.27460130718953,
      "b": 168.59136601307193
    },
    "g": {
      "sample_size": 21,
      "r": 0.6025925925925925,
      "g": 151.87882010582013,
      "b": 48.20264021164021
    },
    "w": {
      "sample_size": 30,
      "r": 73.62642962962963,
      "g": 135.98670740740744,
      "b": 174.0348222222222
    },
    "y": {
      "sample_size": 32,
      "r": 112.56878819444444,
      "g": 150.93531250000004,
      "b": 13.866371527777781
    }
  },
  "e3": {
    "r": {
      "sample_size": 34,
      "r": 138.1165882352941,
      "g": 3.687495798319326,
      "b": 5.431596638655464
    },
    "o": {
      "sample_size": 24,
      "r": 192.1690714285714,
      "g": 59.37184523809524,
      "b": 0.24430952380952387
    },
    "b": {
      "sample_size": 24,
      "r": 0.8425714285714285,
      "g": 74.18029761904764,
      "b": 156.92221428571426
    },
    "g": {
      "sample_size": 22,
      "r": 0.7996363636363637,
      "g": 155.44385714285715,
      "b": 31.313831168831157
    },
    "w": {
      "sample_size": 23,
      "r": 85.07319254658385,
      "g": 135.86354037267083,
      "b": 164.83869565217395
    },
    "y": {
      "sample_size": 28,
      "r": 126.45994897959183,
      "g": 154.11978571428568,
      "b": 1.0673775510204082
    }
  },
  "e4": {
    "r": {
      "sample_size": 32,
      "r": 158.41979166666667,
      "g": 12.086406250000003,
      "b": 34.50562065972222
    },
    "o": {
      "sample_size": 22,
      "r": 223.81761363636363,
      "g": 77.23780934343434,
      "b": 5.696470959595959
    },
    "b": {
      "sample_size": 23,
      "r": 6.282669082125603,
      "g": 94.45,
      "b": 191.19660024154587
    },
    "g": {
      "sample_size": 27,
      "r": 0.0015329218106995884,
      "g": 190.30039094650203,
      "b": 60.79266975308643
    },
    "w": {
      "sample_size": 23,
      "r": 96.43290458937199,
      "g": 168.05955314009665,
      "b": 204.59330917874397
    },
    "y": {
      "sample_size": 28,
      "r": 143.6596180555556,
      "g": 187.50434027777777,
      "b": 15.321359126984133
    }
  },
  "c1": {
    "r": {
      "sample_size": 30,
      "r": 132.25048888888892,
      "g": 2.2940444444444443,
      "b": 16.08155555555556
    },
    "o": {
      "sample_size": 26,
      "r": 189.81451282051282,
      "g": 74.02623076923076,
      "b": 6.948205128205128
    },
    "b": {
      "sample_size": 20,
      "r": 0.000001,
      "g": 85.69493333333332,
      "b": 184.1656333333333
    },
    "g": {
      "sample_size": 23,
      "r": 0.00001,
      "g": 173.11104347826083,
      "b": 45.29046376811594
    },
    "w": {
      "sample_size": 35,
      "r": 75.16548571428571,
      "g": 152.71739047619045,
      "b": 193.6793714285715
    },
    "y": {
      "sample_size": 21,
      "r": 120.88828571428571,
      "g": 172.31444444444443,
      "b": 3.8729206349206358
    }
  },
  "c2": {
    "r": {
      "sample_size": 30,
      "r": 100.3193888888889,
      "g": 0.7655092592592593,
      "b": 7.798527777777778
    },
    "o": {
      "sample_size": 25,
      "r": 153.36372222222224,
      "g": 54.67906666666667,
      "b": 5.945122222222222
    },
    "b": {
      "sample_size": 28,
      "r": 0.1907043650793651,
      "g": 64.64954365079363,
      "b": 148.19625000000002
    },
    "g": {
      "sample_size": 18,
      "r": 0.15052469135802468,
      "g": 137.52106481481482,
      "b": 33.04785493827161
    },
    "w": {
      "sample_size": 27,
      "r": 59.07682098765431,
      "g": 120.44333333333336,
      "b": 154.69157407407408
    },
    "y": {
      "sample_size": 27,
      "r": 98.66940329218106,
      "g": 137.43343621399177,
      "b": 4.02235596707819
    }
  },
  "c3": {
    "r": {
      "sample_size": 29,
      "r": 106.69443167305235,
      "g": 4.595112813963388,
      "b": 15.54110685398042
    },
    "o": {
      "sample_size": 21,
      "r": 163.7081951793063,
      "g": 58.343762492651386,
      "b": 3.5971663727219285
    },
    "b": {
      "sample_size": 28,
      "r": 0.35084656084656085,
      "g": 71.8914373897707,
      "b": 159.82084656084655
    },
    "g": {
      "sample_size": 25,
      "r": 0.5933037037037036,
      "g": 147.14734814814815,
      "b": 48.55967407407409
    },
    "w": {
      "sample_size": 25,
      "r": 68.21232592592594,
      "g": 131.75051851851853,
      "b": 172.77214814814815
    },
    "y": {
      "sample_size": 27,
      "r": 109.26473708276178,
      "g": 147.3966072245085,
      "b": 17.49575674439873
    }
  },
  "c4": {
    "r": {
      "sample_size": 24,
      "r": 119.85562499999999,
      "g": 15.0315,
      "b": 22.05909375
    },
    "o": {
      "sample_size": 32,
      "r": 180.7737265625,
      "g": 75.22824218749999,
      "b": 8.059757812500001
    },
    "b": {
      "sample_size": 31,
      "r": 11.828903225806453,
      "g": 86.39437903225807,
      "b": 162.10800806451616
    },
    "g": {
      "sample_size": 20,
      "r": 4.9932500000000015,
      "g": 162.5440125,
      "b": 51.291425000000004
    },
    "w": {
      "sample_size": 17,
      "r": 76.40160294117648,
      "g": 148.37839705882357,
      "b": 182.63361764705883
    },
    "y": {
      "sample_size": 31,
      "r": 118.82810483870968,
      "g": 158.31102419354838,
      "b": 23.589854838709684
    }
  }
}
